{
  "timestamp": "2025-10-04T01:40:48.396Z",
  "metrics": {
    "totalComponents": 36,
    "apiClientAdoption": 11.11111111111111,
    "hooksAdoption": 0,
    "validationAdoption": 5.555555555555555
  }
}