{
  "timestamp": "2025-10-03T00:01:56.855Z",
  "metrics": {
    "totalComponents": 26,
    "apiClientAdoption": 15.384615384615385,
    "hooksAdoption": 0,
    "validationAdoption": 7.6923076923076925
  }
}