{
  "timestamp": "2025-10-05T23:53:26.698Z",
  "metrics": {
    "totalComponents": 46,
    "apiClientAdoption": 8.695652173913043,
    "hooksAdoption": 0,
    "validationAdoption": 4.3478260869565215
  }
}