{
  "timestamp": "2025-10-05T12:45:35.702Z",
  "metrics": {
    "totalComponents": 39,
    "apiClientAdoption": 10.256410256410255,
    "hooksAdoption": 0,
    "validationAdoption": 5.128205128205128
  }
}